{
  "train_loss": [
    0.08142717923410263,
    0.07002168223521515,
    0.0465606357866975,
    0.06852893781039988,
    0.04084530112065009,
    0.050912661916761255,
    0.0411297507486675,
    0.05730021172424724,
    0.07726195375327678,
    0.03461837009988632,
    0.06441347892238113,
    0.025592004869801212,
    0.04153100941256943
  ],
  "val_loss": [
    0.2787960409035116,
    0.17725655975166094,
    0.2001931921278958,
    0.1974692565393746,
    0.22370696203178922,
    0.18514752483105776,
    0.23485708492935864,
    0.21123977255301069,
    0.17759870621926352,
    0.2081419254919056,
    0.18446485791658537,
    0.4098165567198308,
    0.4848359868298782
  ],
  "accuracy": [
    0.9752252252252253,
    0.9797297297297297,
    0.9819819819819819,
    0.9819819819819819,
    0.9774774774774775,
    0.9819819819819819,
    0.9797297297297297,
    0.9752252252252253,
    0.9819819819819819,
    0.9752252252252253,
    0.9819819819819819,
    0.9504504504504504,
    0.9527027027027027
  ],
  "f1": [
    0.9751693002257337,
    0.9796839729119639,
    0.9818181818181818,
    0.9817351598173516,
    0.9770642201834863,
    0.9817351598173516,
    0.9794050343249427,
    0.9748283752860412,
    0.9818181818181818,
    0.9751693002257337,
    0.9818181818181818,
    0.9481132075471698,
    0.9505882352941176
  ],
  "auc": [
    0.978776073370668,
    0.9877850823796769,
    0.9857357357357357,
    0.9895807970132294,
    0.9877039201363526,
    0.9885662689716743,
    0.9878966804642481,
    0.9917721775829884,
    0.9849038227416606,
    0.9871560749939129,
    0.986476341206071,
    0.9869734599464329,
    0.9848733869004139
  ]
}